mahetab,Adel,tql\0@gmail.com,123hh@Ma_456,123@Ma_456,hewla0@gmail.com,123ll@Ma_456M,123@Ma_456M
manar,adel,sse0p@yahoo.com,777@Mn_8,777@Mn_8,sgge0@yahoo.com,777@Mn_8M,777@Mn_8M
farah,maher,a rehe58@y.com,Farah66%$,Farah66%$,f4se0hq@y.com,Farah66%$M,Farah66%$M
tamara,maher,jjse7@j.co,123456mk@#,123456mk@#,ms0ewaqa@j.co,1234555mk@#M,1234555mk@#M
hasan,magdy,m0e@yah.com,12377HM@$,12377HM@$,9aewq@yah.com,12377HM@$M,12377HM@$M
adell,alii,dI0se@f.com,1456@#MB5555,1456@#MB5555,saew@g.com,1456@#MB5555M,1456@#MB5555M
alia,hasan,50se@g.com,145PO!@88,145PO!@88,ske0q@g.com,145PO!@88M,145PO!@88M
zeze,ali,ea80esq@d.com,4445SA!@#,4445SA!@#,Osewq@f.com,4445SA!@#M,4445SA!@#M
lolo,ali,l7lawe0@g.com,1278@#$KO,1278@#$KO,Ls0ew@K.com,12678@#$%SO,12678@#$%SO
hady,asem,hd5se0ad@s.com,!@#$1234HA,!@#$1234HA,hak0ekq@s.com,!@#$134HA,!@#$134HA
mohsn,magdy,m8e0a@a.com,MO^&*678,MO^&*678,mefq6@a.com,MO^&*6778,MO^&*6778
ali,mohsn,aleq0@d.com,MO^&1*678,MO^&1*678,alefq@g.com,MO^&123*678,MO^&123*678
mohe,Adel,me0e@i.com,MOHE@#$556,MOHE@#$556,Laefsq@f.com,MOHE55@#$556,MOHE55@#$556
MAGED,ALI,sew@yahoo.com,YAYAE@#$556,YAYAE@#$556,Meq6@D.COM,YAYAE@#$5568,YAYAE@#$5568
